QX1410.g7737.1	I	13429186	13436695	REVISED	1.91869546604208
QX1410.g6361.2	I	7246957	7262159	REVISED	11.2069451908681
QX1410.g5715.1	I	4385704	4386154	REVISED	1.67850531197202
QX1410.g7656.1	I	13096042	13101261	REVISED	1.24931313591541
QX1410.g6793.1	I	9038204	9039394	REVISED	6.91780487709607
QX1410.g7765.1	I	13736535	13736933	REVISED	0.142687009351055
QX1410.g6803.1	I	9069707	9070556	REVISED	6.58544091139193
QX1410.g5384.1	I	3045839	3047160	REVISED	0.504383189480564
QX1410.g6270.1	I	6747833	6748915	REVISED	0
QX1410.g5834.3	I	4910814	4912912	REVISED	5.69698914203753
QX1410.g7840.1	I	14237217	14264909	REVISED	3.59150481468599
QX1410.g7793.1	I	13920897	13923543	REVISED	0
QX1410.g6041.1	I	5725564	5727150	REVISED	0.169470097647627
QX1410.g7058.1	I	10070582	10071920	REVISED	0.0867543992082491
QX1410.g5661.1	I	4161466	4162111	REVISED	0.340736578330319
QX1410.g6220.1	I	6541426	6543936	REVISED	2.04612666769238
QX1410.g6899.1	I	9409277	9410546	REVISED	1.22753033528177
QX1410.g6707.1	I	8705859	8707984	REVISED	0.74526810658425
QX1410.g6592.1	I	8314778	8318607	REVISED	1.89634728768438
QX1410.g5754.1	I	4533237	4534112	REVISED	25.6446214118662
QX1410.g7998.1	I	15156844	15157194	REVISED	38.3854478674588
QX1410.g6539.1	I	8077093	8082937	REVISED	8.57301967914425
QX1410.g6537.1	I	8060968	8062827	REVISED	0.245841687107012
QX1410.g7533.1	I	12400453	12401185	REVISED	0.225354879848095
QX1410.g5858.1	I	5010496	5011443	REVISED	5.135532025308
QX1410.g5393.1	I	3071260	3072525	REVISED	59.6837702220297
QX1410.g6844.1	I	9231154	9231944	REVISED	1.52154500436444
QX1410.g5666.1	I	4207273	4208058	REVISED	4.5209869578154
QX1410.g5113.1	I	1348363	1355044	REVISED	0.460143927522375
QX1410.g7772.1	I	13777939	13786020	REVISED	24.8318799163414
QX1410.g6769.1	I	8962750	8963836	REVISED	4.0959237810987
QX1410.g6631.1	I	8433663	8434589	REVISED	1.53484945193837
QX1410.g5175.1	I	1838056	1840139	REVISED	0.744291346287285
QX1410.g7768.1	I	13753219	13754381	REVISED	4.20417871195678
QX1410.g7232.1	I	10873781	10874261	REVISED	0.694671923201466
QX1410.g6846.1	I	9239859	9241218	REVISED	0.859708590474479
QX1410.g6941.1	I	9551100	9553125	REVISED	0.12006221928482
QX1410.g6464.1	I	7674991	7677394	REVISED	1.22031793427176
QX1410.g5892.1	I	5140774	5142748	REVISED	0.822042408517054
QX1410.g5362.1	I	2924493	2926292	REVISED	0.530311361591375
QX1410.g6930.1	I	9510475	9511390	REVISED	0.461702680664389
QX1410.g7018.1	I	9873318	9875258	REVISED	0
QX1410.g7801.1	I	14026411	14036700	REVISED	101.146248807588
QX1410.g7262.2	I	11000474	11002944	REVISED	108.322821848561
QX1410.g7716.1	I	13341219	13345014	REVISED	1.54124208031539
QX1410.g5516.1	I	3630023	3631124	REVISED	73.6630340735261
QX1410.g7803.1	I	14051726	14061029	REVISED	6.4044466998944
QX1410.g7752.1	I	13614940	13618719	REVISED	0.680848115767475
QX1410.g7462.1	I	11969492	11972267	REVISED	0.127473467388821
QX1410.g5252.1	I	2441593	2445354	REVISED	0.952351117624301
QX1410.g5900.1	I	5197401	5197703	REVISED	0.448928298195414
QX1410.g6085.2	I	5879745	5880497	REVISED	40.2240328527022
QX1410.g7343.2	I	11411809	11414785	REVISED	0.858616466380834
QX1410.g7354.2	I	11446794	11455487	REVISED	9.40695092387189
QX1410.g4962.1	I	110563	115041	REVISED	0.770086874182893
QX1410.g7945.2	I	14865466	14867129	REVISED	505.565114302036
QX1410.g7397.1	I	11667183	11667644	REVISED	0.10069047823
QX1410.g5544.1	I	3754721	3756163	REVISED	125.203025851763
QX1410.g5065.1	I	935962	959960	REVISED	58.2449399435292
QX1410.g6011.1	I	5627967	5628551	REVISED	56.6711184097996
QX1410.g6070.2	I	5816336	5828668	REVISED	77.7841444098072
QX1410.g6234.1	I	6588747	6589662	REVISED	50.1860076610547
QX1410.g5628.1	I	4075164	4076895	REVISED	79.400035999812
QX1410.g6322.1	I	6989598	6993872	REVISED	73.3851564847024
QX1410.g5617.1	I	4043462	4046275	REVISED	101.215540466452
QX1410.g5354.1	I	2889306	2895603	REVISED	5.53303753044451
QX1410.g6342.3	I	7095769	7100452	REVISED	171.214989927784
QX1410.g5975.3	I	5526625	5531620	REVISED	27.4016324425139
QX1410.g6996.1	I	9805068	9808621	REVISED	2.29550214075839
QX1410.g6502.1	I	7863059	7865825	REVISED	16.9607395122174
QX1410.g7794.1	I	13924155	13926500	REVISED	9.78729036252057
QX1410.g5060.1	I	899084	910252	REVISED	157.615000606798
QX1410.g5649.2	I	4115744	4116581	REVISED	72.0044772595914
QX1410.g5291.2	I	2613644	2617608	REVISED	73.282582635678
QX1410.g7217.1	I	10812072	10820264	REVISED	2.7434507111942
QX1410.g5803.1	I	4744952	4748856	REVISED	0.587882295255899
QX1410.g5332.1	I	2822927	2825866	REVISED	92.068335785249
QX1410.g7877.1	I	14475725	14477150	REVISED	11.7151397097502
QX1410.g5441.5	I	3270953	3297445	REVISED	45.1108867202952
QX1410.g6281.3	I	6801198	6808579	REVISED	62.4772350883002
QX1410.g7581.1	I	12610016	12611337	REVISED	0.672632839343551
QX1410.g6720.1	I	8746322	8748197	REVISED	6.96451124808892
QX1410.g6406.1	I	7439256	7443336	REVISED	1.35481740886807
QX1410.g6729.1	I	8779862	8781006	REVISED	36.05587664378
QX1410.g6321.2	I	6988533	6989452	REVISED	190.975158643362
QX1410.g6439.1	I	7573694	7575042	REVISED	573.665580725503
QX1410.g5738.1	I	4465387	4469279	REVISED	1.08605343703736
QX1410.g5130.1	I	1512443	1519560	REVISED	21.7450124062654
QX1410.g5356.1	I	2899389	2903150	REVISED	1.18254018306729
QX1410.g6608.1	I	8380046	8381031	REVISED	1490.57308432746
QX1410.g7520.1	I	12313167	12318185	REVISED	7.66852191855513
QX1410.g5976.1	I	5531731	5532237	REVISED	38.8322977939033
QX1410.g6748.1	I	8877365	8879705	REVISED	11.4004248430119
QX1410.g7062.1	I	10079338	10081607	REVISED	4.15481870432579
QX1410.g5833.1	I	4907696	4908574	REVISED	97.480567320644
QX1410.g5690.2	I	4286562	4288447	REVISED	268.003522705931
QX1410.g5319.1	I	2727480	2731653	REVISED	37.4938263863207
QX1410.g5221.1	I	2196412	2206830	REVISED	25.3162120863185
QX1410.g6014.2	I	5637393	5643922	REVISED	5.59330635793217
QX1410.g6379.1	I	7353775	7354835	REVISED	1.97578982915168
QX1410.g7754.2	I	13624974	13640330	REVISED	5.02108448760668
QX1410.g7532.1	I	12392619	12397993	REVISED	21.0356934054781
QX1410.g7025.1	I	9899445	9899771	REVISED	1.85814084979042
QX1410.g5284.2	I	2588467	2591950	REVISED	2.96849735914297
QX1410.g5792.1	I	4704343	4705611	REVISED	0.0660726349292843
QX1410.g5427.1	I	3213443	3217404	REVISED	5.47212259078788
QX1410.g7597.1	I	12708131	12710798	REVISED	0.100157724376931
QX1410.g5094.1	I	1173203	1195932	REVISED	26.1969060133366
QX1410.g7377.1	I	11551995	11555597	REVISED	0.19961135227318
QX1410.g5066.1	I	960067	964196	REVISED	34.1742243644471
QX1410.g4987.1	I	343124	347736	REVISED	1.46463148193653
QX1410.g5435.1	I	3240576	3246907	REVISED	3.49124206321194
QX1410.g6525.1	I	7949897	8005393	REVISED	1.79332970227607
QX1410.g8049.1	I	15433945	15438226	REVISED	3.9446926415253
QX1410.g7706.2	I	13282905	13291067	REVISED	14.1318332226414
QX1410.g5478.3	I	3464618	3466967	REVISED	40.9710582755379
QX1410.g6577.1	I	8209911	8253106	REVISED	5.19549204795994
QX1410.g9140.1	II	5993187	5993923	REVISED	0.570579376636665
QX1410.g11163.1	II	14631595	14632633	REVISED	0.262004289373563
QX1410.g8776.1	II	4213441	4216953	REVISED	16.5996175709426
QX1410.g8686.1	II	3748767	3750276	REVISED	1.4760085697653
QX1410.g11274.1	II	15430218	15430968	REVISED	2.01109278947069
QX1410.g9740.1	II	8627928	8629643	REVISED	6.55010723433908
QX1410.g10499.2	II	11854371	11861526	REVISED	2.74750008493766
QX1410.g10529.1	II	12020971	12021447	REVISED	0.605753917031678
QX1410.g10757.1	II	12889317	12890306	REVISED	0.114842122794176
QX1410.g9897.2	II	9334125	9335655	REVISED	2.01751921379794
QX1410.g9598.2	II	8089597	8090862	REVISED	0.713297184910491
QX1410.g9211.1	II	6326877	6327678	REVISED	0
QX1410.g10885.1	II	13352934	13354511	REVISED	3.26579858665108
QX1410.g9214.1	II	6330685	6331845	REVISED	1.1419374886038
QX1410.g10297.1	II	10972149	10973299	REVISED	0.625204730881319
QX1410.g8887.2	II	4841474	4843027	REVISED	1.96371184386806
QX1410.g9212.1	II	6328245	6328877	REVISED	0.348615283742909
QX1410.g10253.1	II	10746343	10747480	REVISED	0.372500731627262
QX1410.g11086.1	II	14244438	14250179	REVISED	2.1665942480681
QX1410.g10053.1	II	9958558	9960198	REVISED	0.922505356103311
QX1410.g9642.1	II	8203088	8204160	REVISED	2.10569962645802
QX1410.g10563.1	II	12104774	12105415	REVISED	0
QX1410.g8401.1	II	2192972	2196258	REVISED	0
QX1410.g10853.1	II	13259298	13262309	REVISED	0.450593146563021
QX1410.g8665.1	II	3661946	3664474	REVISED	0.833514176286958
QX1410.g8617.1	II	3404181	3406326	REVISED	63.0773036419569
QX1410.g8451.1	II	2524920	2526344	REVISED	0.771333510651543
QX1410.g8075.2	II	2803	5495	REVISED	47.8190297304704
QX1410.g10104.1	II	10166140	10167412	REVISED	17.7104984800425
QX1410.g10043.1	II	9937358	9937776	REVISED	2.52709452408148
QX1410.g8610.1	II	3367106	3368709	REVISED	0.734208478695647
QX1410.g8751.2	II	4055978	4057516	REVISED	0.493284948722865
QX1410.g10518.1	II	11968713	11970405	REVISED	0.392037483286034
QX1410.g10120.1	II	10262183	10262970	REVISED	0.0823035213358259
QX1410.g10117.1	II	10253067	10253645	REVISED	0.707656445130465
QX1410.g10894.1	II	13383482	13385444	REVISED	0.115425670166097
QX1410.g10574.1	II	12134726	12135992	REVISED	0.722646374484952
QX1410.g9148.1	II	6024219	6025037	REVISED	1.08861526623105
QX1410.g8755.1	II	4084482	4088083	REVISED	2.35025979954936
QX1410.g9700.1	II	8482855	8483540	REVISED	0.178302762077613
QX1410.g10664.1	II	12540586	12544247	REVISED	3.06793470910441
QX1410.g8919.1	II	4949925	4951314	REVISED	0.681473156660638
QX1410.g10193.1	II	10512711	10514055	REVISED	1.22127805853161
QX1410.g11213.1	II	15071394	15077359	REVISED	3.86225340676684
QX1410.g9794.2	II	8885175	8887340	REVISED	0.901419519392379
QX1410.g9793.1	II	8877151	8879598	REVISED	103.725593794185
QX1410.g10250.2	II	10713780	10714451	REVISED	0.338536093721132
QX1410.g8808.4	II	4392549	4406071	REVISED	35.762911568064
QX1410.g10506.1	II	11918725	11920320	REVISED	0
QX1410.g11283.1	II	15469974	15474255	REVISED	0.0723893304292159
QX1410.g10888.1	II	13360773	13366123	REVISED	0.0771595512523367
QX1410.g8472.1	II	2660202	2662262	REVISED	0.211637626292124
QX1410.g9184.1	II	6198088	6200123	REVISED	0.578763763010319
QX1410.g8936.1	II	5025462	5026359	REVISED	7.03743521257391
QX1410.g10118.1	II	10254833	10255874	REVISED	0.192289265423431
QX1410.g9908.1	II	9407984	9408986	REVISED	1.21649248620194
QX1410.g9535.1	II	7793109	7793602	REVISED	21.0488184789459
QX1410.g10135.1	II	10319176	10319963	REVISED	0.888065156142121
QX1410.g8908.1	II	4926427	4931260	REVISED	7.80051432182036
QX1410.g8080.1	II	19726	20898	REVISED	7.75951667368845
QX1410.g8243.1	II	940509	944393	REVISED	0.405783706478884
QX1410.g10017.1	II	9866627	9868212	REVISED	0.164750303805396
QX1410.g8576.1	II	3194269	3196692	REVISED	1.8955776724671
QX1410.g11327.1	II	15692089	15695666	REVISED	4.47952007388428
QX1410.g11232.2	II	15187121	15196802	REVISED	29.2481491604866
QX1410.g8566.1	II	3138556	3140536	REVISED	13.9960862781992
QX1410.g8399.2	II	2183771	2189523	REVISED	3.9045529891411
QX1410.g10526.1	II	12003525	12006682	REVISED	0.436282430640613
QX1410.g9699.1	II	8479661	8481554	REVISED	1.93496610430804
QX1410.g9035.1	II	5547116	5548731	REVISED	0.248824599387381
QX1410.g10527.1	II	12008531	12014304	REVISED	0.298342157718518
QX1410.g8121.1	II	154369	156293	REVISED	0.0973255008084316
QX1410.g11114.1	II	14398350	14405465	REVISED	63.870537450016
QX1410.g8088.1	II	39944	41634	REVISED	0.877343899864224
QX1410.g10993.1	II	13791725	13797533	REVISED	63.8045300926715
QX1410.g8235.1	II	878793	881122	REVISED	2.12694493339775
QX1410.g10381.1	II	11324861	11327393	REVISED	0
QX1410.g11373.1	II	15846360	15848260	REVISED	2.73460087019034
QX1410.g8333.1	II	1612284	1617300	REVISED	0
QX1410.g8602.2	II	3336898	3341553	REVISED	1.00900493132449
QX1410.g9932.1	II	9521683	9522949	REVISED	2.71147633012956
QX1410.g8226.1	II	782774	800615	REVISED	22.2620697838742
QX1410.g9189.1	II	6217209	6218181	REVISED	9.11073431664581
QX1410.g8448.1	II	2497677	2501082	REVISED	201.485265164434
QX1410.g9491.2	II	7558835	7597787	REVISED	21.0522946916354
QX1410.g9469.3	II	7471889	7475098	REVISED	20.3888668557408
QX1410.g9850.1	II	9148687	9150202	REVISED	304.318116883263
QX1410.g10488.1	II	11808277	11810295	REVISED	115.286136602795
QX1410.g10456.1	II	11685301	11686383	REVISED	0.337279463826102
QX1410.g9621.1	II	8139455	8141400	REVISED	133.358237304797
QX1410.g8951.2	II	5118579	5121424	REVISED	0.917808965199513
QX1410.g10912.1	II	13450943	13453312	REVISED	0.0093021178905356
QX1410.g11162.3	II	14605267	14623339	REVISED	40.7579831491837
QX1410.g9691.1	II	8442235	8444227	REVISED	5.91701017857561
QX1410.g9477.1	II	7497469	7506068	REVISED	1.15589464924879
QX1410.g11176.4	II	14871193	14890956	REVISED	41.1310181062801
QX1410.g10010.1	II	9846980	9850399	REVISED	0.359365298392959
QX1410.g9979.1	II	9738554	9746483	REVISED	31.3306081744771
QX1410.g10656.1	II	12518835	12520868	REVISED	0.242853739525698
QX1410.g11122.1	II	14439115	14444145	REVISED	0
QX1410.g9376.1	II	7112866	7118327	REVISED	0.445407291935058
QX1410.g10900.1	II	13401942	13402903	REVISED	0
QX1410.g8546.2	II	3020850	3029396	REVISED	150.978075211532
QX1410.g9534.1	II	7791740	7793007	REVISED	174.340281151008
QX1410.g9422.1	II	7299584	7301146	REVISED	0.0505244036670105
QX1410.g8154.1	II	276198	278204	REVISED	0.933365049355437
QX1410.g9548.2	II	7850818	7872784	REVISED	13.9570237326517
QX1410.g8145.1	II	229908	240671	REVISED	0.181726175109503
QX1410.g9623.1	II	8154721	8156633	REVISED	3.15271315824654
QX1410.g8528.1	II	2939150	2940609	REVISED	9.87378884761636
QX1410.g10027.1	II	9896767	9898780	REVISED	0.172089180974909
QX1410.g10443.1	II	11578166	11580656	REVISED	0.115325212663777
QX1410.g8538.2	II	2987371	2990404	REVISED	0.570487421862026
QX1410.g10646.1	II	12473567	12477731	REVISED	0.118065342456798
QX1410.g10805.2	II	13093425	13097274	REVISED	0.114206997932066
QX1410.g10743.1	II	12844126	12846927	REVISED	0.525828052978887
QX1410.g10242.1	II	10683927	10690079	REVISED	2.6157262839511
QX1410.g8974.1	II	5191879	5194770	REVISED	0.320697329014596
QX1410.g9613.2	II	8124259	8127590	REVISED	11.6073088970892
QX1410.g9444.2	II	7381128	7383702	REVISED	113.346007434516
QX1410.g10739.1	II	12821008	12831475	REVISED	0.436170735189861
QX1410.g9183.1	II	6184941	6198027	REVISED	4.24485909469262
QX1410.g9210.2	II	6323637	6326526	REVISED	69.7348011654894
QX1410.g9186.2	II	6200800	6204336	REVISED	5.36986030723166
QX1410.g8276.1	II	1163215	1186277	REVISED	0.435071253799257
QX1410.g10882.1	II	13341437	13345225	REVISED	0.234592496467225
QX1410.g9939.1	II	9561600	9574155	REVISED	38.1889015372877
QX1410.g10879.1	II	13329038	13336257	REVISED	0.601318219000609
QX1410.g8355.5	II	1747581	1756190	REVISED	26.0741854690675
QX1410.g11094.1	II	14288435	14290185	REVISED	0.0296241156607824
QX1410.g8493.2	II	2790413	2794902	REVISED	1.97944784609493
QX1410.g10716.1	II	12713990	12724176	REVISED	0.626776816491238
QX1410.g12009.1	III	2543663	2543996	REVISED	0.397923931984023
QX1410.g13930.1	III	10919635	10920223	REVISED	0
QX1410.g12613.1	III	5617734	5623835	REVISED	2.20955460350719
QX1410.g11987.1	III	2365195	2373333	REVISED	1.15452235337597
QX1410.g12650.1	III	5777176	5777699	REVISED	0.441160824109406
QX1410.g14623.9	III	14713127	14714785	REVISED	21.4398570075856
QX1410.g14379.1	III	13511457	13512968	REVISED	1.07983358157116
QX1410.g13927.2	III	10915474	10917207	REVISED	0
QX1410.g13457.1	III	9068837	9069987	REVISED	48.5574282189722
QX1410.g13000.2	III	7200785	7205135	REVISED	7.1111984307621
QX1410.g13931.1	III	10920323	10921648	REVISED	0
QX1410.g13588.1	III	9502870	9504595	REVISED	0.074060289151956
QX1410.g14516.1	III	14284786	14286740	REVISED	1.7015559467182
QX1410.g14343.1	III	13286468	13291137	REVISED	1.42679910494868
QX1410.g13229.1	III	8085613	8086495	REVISED	1.51150573403817
QX1410.g12160.2	III	3597515	3601366	REVISED	0.111044433548336
QX1410.g12461.1	III	4967248	4970337	REVISED	0.779717570549929
QX1410.g12947.3	III	7017293	7018282	REVISED	0.977354315862932
QX1410.g13934.1	III	10924267	10924812	REVISED	0.138934384640293
QX1410.g13320.5	III	8451082	8453595	REVISED	32.5770738194687
QX1410.g14000.2	III	11263777	11264976	REVISED	1.66640797639023
QX1410.g12250.1	III	4059232	4062565	REVISED	1.12677439924047
QX1410.g12698.1	III	5997849	5999429	REVISED	0
QX1410.g14136.1	III	12025175	12027968	REVISED	0.26155177764753
QX1410.g13883.1	III	10778177	10778740	REVISED	0.145800846525597
QX1410.g12143.1	III	3502972	3505217	REVISED	0.388968696724109
QX1410.g12290.1	III	4207065	4207763	REVISED	5.06707032870564
QX1410.g13535.1	III	9322370	9324367	REVISED	31.5288152609631
QX1410.g13825.1	III	10444865	10446690	REVISED	3.87863346200654
QX1410.g14332.2	III	13228295	13228897	REVISED	0
QX1410.g11615.1	III	265030	266896	REVISED	10.0920095961557
QX1410.g13452.1	III	9046595	9048820	REVISED	0.537560524749207
QX1410.g12432.1	III	4815013	4817514	REVISED	6.77825224543097
QX1410.g13513.2	III	9243911	9244560	REVISED	6.5721457988943
QX1410.g12861.1	III	6631690	6633837	REVISED	0.733713562296122
QX1410.g12521.1	III	5236109	5238232	REVISED	0.664502778021924
QX1410.g14184.1	III	12314239	12315897	REVISED	0.0349258485373431
QX1410.g14614.1	III	14686929	14687430	REVISED	11.4707126259103
QX1410.g11822.1	III	1364738	1379894	REVISED	3.55003164146893
QX1410.g12023.1	III	2637916	2643742	REVISED	2.34168759593265
QX1410.g12251.1	III	4063195	4066164	REVISED	0.363666722181556
QX1410.g14064.1	III	11637716	11639249	REVISED	1.74551506298874
QX1410.g11937.1	III	2012084	2014698	REVISED	0.920477014516953
QX1410.g12174.1	III	3664421	3667338	REVISED	0.586500520630297
QX1410.g11726.1	III	746722	754634	REVISED	13.7525629978085
QX1410.g12114.1	III	3304576	3309990	REVISED	22.5546671235199
QX1410.g12022.1	III	2631418	2633280	REVISED	0.879320202142759
QX1410.g12283.1	III	4185243	4187965	REVISED	0.434059335452636
QX1410.g13497.1	III	9180628	9181094	REVISED	0.413766336770272
QX1410.g13901.2	III	10829492	10834214	REVISED	2.50716683196149
QX1410.g11765.1	III	1008766	1011018	REVISED	5.43156477452055
QX1410.g14307.1	III	13068896	13069680	REVISED	0.411517606679129
QX1410.g11739.1	III	846910	847927	REVISED	0.248481991622481
QX1410.g12280.4	III	4174352	4177110	REVISED	63.0447010648301
QX1410.g11758.1	III	979451	985419	REVISED	8.42310042710911
QX1410.g13557.2	III	9376568	9378349	REVISED	30.0800047712441
QX1410.g11768.1	III	1033564	1035933	REVISED	94.1537478869506
QX1410.g13396.3	III	8788229	8789666	REVISED	100.250455151407
QX1410.g13081.1	III	7430221	7432097	REVISED	42.3858152826154
QX1410.g13248.1	III	8153331	8155317	REVISED	1.26198732714933
QX1410.g11608.1	III	216158	217430	REVISED	1.9039654065309
QX1410.g14091.1	III	11784046	11810594	REVISED	11.4134013272172
QX1410.g14256.4	III	12781691	12784469	REVISED	104.93380704574
QX1410.g11823.2	III	1382221	1389271	REVISED	3.64159120583216
QX1410.g13347.1	III	8602044	8606167	REVISED	75.3590753665949
QX1410.g12506.2	III	5161901	5162354	REVISED	52.8090042035041
QX1410.g13415.1	III	8873639	8874500	REVISED	14.5747163860972
QX1410.g12595.2	III	5531850	5534286	REVISED	18.9955079980795
QX1410.g14219.3	III	12588503	12590653	REVISED	112.131010121327
QX1410.g12909.3	III	6806620	6808741	REVISED	82.176921122519
QX1410.g11613.10	III	237332	264312	REVISED	93.361176903442
QX1410.g14459.1	III	14007670	14008037	REVISED	2.52741331186582
QX1410.g12153.1	III	3548538	3555614	REVISED	7.4004501186826
QX1410.g12247.1	III	4025452	4028917	REVISED	6.21875258031678
QX1410.g13440.1	III	9000133	9002243	REVISED	37.7754338746129
QX1410.g12468.1	III	4988457	4990528	REVISED	14.8021072345793
QX1410.g11610.1	III	225946	226653	REVISED	40.4164898730407
QX1410.g14468.1	III	14031700	14035484	REVISED	0.54506067437189
QX1410.g11856.1	III	1584789	1587191	REVISED	27.1618911063968
QX1410.g14486.1	III	14162755	14167558	REVISED	29.6833947077583
QX1410.g12423.1	III	4779559	4780452	REVISED	0.562968324378883
QX1410.g14316.5	III	13125876	13148700	REVISED	8.66625160249741
QX1410.g14556.1	III	14426697	14429244	REVISED	1.32724346413602
QX1410.g14293.2	III	13011641	13019963	REVISED	4.52545841478828
QX1410.g13206.1	III	8023884	8025213	REVISED	4.13924812734913
QX1410.g12465.1	III	4977854	4978691	REVISED	121.773133321094
QX1410.g14179.2	III	12302124	12302532	REVISED	4.54686610517038
QX1410.g13498.1	III	9181131	9182680	REVISED	0.505758279964426
QX1410.g13075.1	III	7404869	7406194	REVISED	0.142866489865962
QX1410.g14409.1	III	13674015	13683605	REVISED	9.30147541569363
QX1410.g14587.1	III	14563661	14568385	REVISED	1.96067590622306
QX1410.g11969.1	III	2261607	2273288	REVISED	8.69784553752867
QX1410.g19856.1	IV	5836196	5836848	REVISED	0
QX1410.g20515.1	IV	8505290	8505891	REVISED	1.95504594123954
QX1410.g20406.1	IV	8123499	8124644	REVISED	0.856122056106329
QX1410.g19102.1	IV	1483632	1484935	REVISED	0
QX1410.g19813.1	IV	5513772	5524204	REVISED	2.0160378462759
QX1410.g19081.1	IV	1373446	1374282	REVISED	3.34055468951293
QX1410.g22052.1	IV	16542355	16542908	REVISED	2.65531270192054
QX1410.g19718.1	IV	5004096	5004765	REVISED	0.0616606185903581
QX1410.g21403.1	IV	12124757	12125932	REVISED	0.53019177126087
QX1410.g19933.1	IV	6287820	6288193	REVISED	0
QX1410.g22111.1	IV	16798739	16800884	REVISED	4.87586012762241
QX1410.g21335.1	IV	11859110	11861760	REVISED	20.5700694306529
QX1410.g18899.1	IV	206870	208127	REVISED	0.518207356558904
QX1410.g20321.1	IV	7816121	7817125	REVISED	0.74526810658425
QX1410.g20308.1	IV	7768090	7768646	REVISED	6.26974595653807
QX1410.g20709.1	IV	9299615	9300365	REVISED	0
QX1410.g20165.1	IV	7259389	7260676	REVISED	1.30550413153379
QX1410.g21609.1	IV	13294531	13300005	REVISED	57.6398354176694
QX1410.g20670.1	IV	9142402	9144156	REVISED	0.186429946056151
QX1410.g20657.1	IV	9108954	9109803	REVISED	0.679799803298672
QX1410.g19925.1	IV	6267199	6268173	REVISED	0.0996305784591576
QX1410.g19084.1	IV	1384735	1387459	REVISED	0.113182719923707
QX1410.g21910.1	IV	15666344	15668644	REVISED	0
QX1410.g21582.1	IV	13140383	13143211	REVISED	2.29150330456063
QX1410.g21615.2	IV	13369927	13384731	REVISED	58.8101062425816
QX1410.g20216.1	IV	7439749	7441819	REVISED	5.74848992016644
QX1410.g19455.1	IV	3435026	3436627	REVISED	0
QX1410.g20645.1	IV	9079723	9081339	REVISED	2.32982275781415
QX1410.g21863.1	IV	15300999	15302409	REVISED	0.240633176786948
QX1410.g21362.1	IV	12002698	12005484	REVISED	0.629379869038668
QX1410.g21519.1	IV	12696468	12702447	REVISED	22.9486839044344
QX1410.g20710.1	IV	9303660	9304685	REVISED	0.240837276173536
QX1410.g22040.1	IV	16489477	16494863	REVISED	0.564903630935774
QX1410.g20329.1	IV	7860106	7887050	REVISED	5.63837057018546
QX1410.g20027.1	IV	6765474	6766476	REVISED	0.10069047823
QX1410.g19441.1	IV	3351745	3355842	REVISED	0.619867830715666
QX1410.g19976.1	IV	6598022	6598560	REVISED	37.3895793878893
QX1410.g21427.1	IV	12222273	12222854	REVISED	1.20745701054411
QX1410.g19442.1	IV	3359419	3364219	REVISED	0.328805631143126
QX1410.g22098.2	IV	16750603	16752869	REVISED	5.46370606652115
QX1410.g20181.2	IV	7336697	7337835	REVISED	1.35576990719597
QX1410.g19580.2	IV	4239246	4243535	REVISED	10.5592482077901
QX1410.g22167.1	IV	17016885	17017473	REVISED	174.322984828232
QX1410.g19160.3	IV	1784823	1789014	REVISED	78.3005773435834
QX1410.g19080.1	IV	1371761	1373339	REVISED	0.564133407831654
QX1410.g21057.1	IV	10654832	10656273	REVISED	0.130851220556958
QX1410.g19132.1	IV	1637765	1639128	REVISED	15.4805603796734
QX1410.g21647.2	IV	13640174	13655230	REVISED	15.2569024742859
QX1410.g19285.1	IV	2341308	2343721	REVISED	0.0586062226230339
QX1410.g19404.1	IV	3162738	3169032	REVISED	0.446457780831131
QX1410.g19873.1	IV	5992479	5995354	REVISED	0.472121149705509
QX1410.g20925.1	IV	10189848	10192021	REVISED	0.42570786897841
QX1410.g21674.1	IV	13865599	13874717	REVISED	11.796425354004
QX1410.g19481.1	IV	3621263	3623835	REVISED	0
QX1410.g19425.1	IV	3268087	3269930	REVISED	104.3726416027
QX1410.g19557.1	IV	4081456	4083895	REVISED	16.4339274365936
QX1410.g20679.1	IV	9194586	9195840	REVISED	1.52308815345609
QX1410.g20848.1	IV	9875983	9878307	REVISED	20.1151680228736
QX1410.g21201.1	IV	11291028	11293174	REVISED	1.9068721120702
QX1410.g20129.1	IV	7158898	7163804	REVISED	0.602595485521359
QX1410.g21684.1	IV	13947373	13950834	REVISED	44.9016485460866
QX1410.g21072.1	IV	10716020	10719282	REVISED	34.8900820442566
QX1410.g20167.1	IV	7261653	7264824	REVISED	0.45187002352878
QX1410.g19127.1	IV	1619440	1622248	REVISED	0.173469048405406
QX1410.g19248.1	IV	2175976	2180647	REVISED	1.84506647376952
QX1410.g21233.3	IV	11423317	11425495	REVISED	1.05753127973408
QX1410.g21514.1	IV	12659944	12664808	REVISED	2.91042820683105
QX1410.g21028.1	IV	10518335	10520009	REVISED	313.644016717698
QX1410.g19199.4	IV	1986951	1989459	REVISED	22.9137143086313
QX1410.g20993.3	IV	10406400	10407955	REVISED	0.495026409708158
QX1410.g20890.1	IV	10044443	10047856	REVISED	0.540523126148407
QX1410.g20717.1	IV	9343006	9344800	REVISED	6.07908529541445
QX1410.g20355.2	IV	7970711	7971490	REVISED	0.0983366748428049
QX1410.g18926.1	IV	310214	314991	REVISED	8.8855807463678
QX1410.g19436.1	IV	3322930	3325967	REVISED	0.225779276985285
QX1410.g19406.1	IV	3173835	3181307	REVISED	0.075681398929495
QX1410.g21000.1	IV	10428985	10429618	REVISED	1599.4560677671
QX1410.g20694.3	IV	9240097	9242687	REVISED	21.0803428152845
QX1410.g21806.1	IV	14851555	14854529	REVISED	13.2242607472754
QX1410.g20071.1	IV	6936096	6938363	REVISED	3.10443106793027
QX1410.g21487.2	IV	12519506	12529594	REVISED	10.9962501830653
QX1410.g21927.1	IV	15757252	15766253	REVISED	24.2985194883904
QX1410.g20074.1	IV	6939860	6942673	REVISED	76.6401198460938
QX1410.g21664.1	IV	13763995	13765218	REVISED	0.234114256803321
QX1410.g19078.1	IV	1362205	1368661	REVISED	0.711646988993983
QX1410.g20547.1	IV	8673357	8675985	REVISED	0
QX1410.g19174.1	IV	1852697	1859978	REVISED	0.264190308171431
QX1410.g21536.1	IV	12826701	12834543	REVISED	0.039406317787645
QX1410.g19122.1	IV	1588473	1591870	REVISED	0.014905362131685
QX1410.g19699.2	IV	4898283	4899813	REVISED	29.4961919563893
QX1410.g22155.2	IV	16949993	16951401	REVISED	33.0478170278642
QX1410.g21252.1	IV	11512259	11513604	REVISED	590.191206563929
QX1410.g19549.2	IV	4029891	4036296	REVISED	19.9806735067125
QX1410.g21120.2	IV	10924143	10925281	REVISED	63.7133767547338
QX1410.g19301.2	IV	2452404	2453899	REVISED	0.942004758417154
QX1410.g21026.1	IV	10499411	10516999	REVISED	9.33628059769196
QX1410.g20158.1	IV	7223073	7223619	REVISED	1.29066885731181
QX1410.g19887.1	IV	6041363	6044410	REVISED	0.316976053369724
QX1410.g21230.1	IV	11395248	11397248	REVISED	61.3543617568728
QX1410.g20584.1	IV	8830341	8832492	REVISED	2.80575887939558
QX1410.g20196.2	IV	7383333	7385834	REVISED	0.555062971385177
QX1410.g22171.1	IV	17021014	17021697	REVISED	3.10415623661914
QX1410.g4437.1	V	17274851	17280737	REVISED	0
QX1410.g1710.1	V	6715480	6716396	REVISED	27.829645908405
QX1410.g2306.1	V	8970062	8970870	REVISED	1.20657428587223
QX1410.g2247.2	V	8773914	8775442	REVISED	11.9744423370158
QX1410.g1476.1	V	5743997	5749345	REVISED	0.393460252113532
QX1410.g1088.1	V	4258800	4259828	REVISED	0.589254783104745
QX1410.g2063.1	V	8143510	8144300	REVISED	15.8434278571465
QX1410.g3061.1	V	11990318	11990756	REVISED	0.19365534431959
QX1410.g4081.1	V	15871747	15877677	REVISED	0.298695225360788
QX1410.g3692.2	V	14524278	14529243	REVISED	1.80867819356625
QX1410.g4924.1	V	19846229	19847137	REVISED	0.261100826306758
QX1410.g3597.1	V	14202644	14206067	REVISED	1.51380810377776
QX1410.g1752.1	V	6900252	6901455	REVISED	0.521482366590632
QX1410.g3218.1	V	12765890	12766702	REVISED	27.3054996082608
QX1410.g4624.1	V	18247093	18248569	REVISED	1.40621445025211
QX1410.g4556.1	V	17864888	17865862	REVISED	0.0777404924321969
QX1410.g2922.2	V	11397204	11399205	REVISED	15.5147326591831
QX1410.g464.1	V	1668840	1670506	REVISED	2.94819449577169
QX1410.g1127.1	V	4397569	4400936	REVISED	0.379157913572313
QX1410.g2120.1	V	8301132	8302358	REVISED	0
QX1410.g4215.3	V	16303070	16318112	REVISED	16.0014711008881
QX1410.g53.1	V	164511	166227	REVISED	3.33932699576449
QX1410.g1229.1	V	4726697	4727671	REVISED	0.343397912149478
QX1410.g4758.1	V	19046570	19047887	REVISED	2.93106734047586
QX1410.g1963.1	V	7780722	7782278	REVISED	1.61647814938229
QX1410.g1536.1	V	6025515	6028876	REVISED	0.271503249665593
QX1410.g795.3	V	3152449	3158470	REVISED	16.7394640865555
QX1410.g161.1	V	536483	537132	REVISED	10.604492172116
QX1410.g2272.1	V	8881921	8882724	REVISED	0.143407650812424
QX1410.g3219.2	V	12769385	12773903	REVISED	0.936721012410477
QX1410.g4348.1	V	16933950	16935410	REVISED	0.144031162337695
QX1410.g3538.1	V	13984044	13989440	REVISED	0.269817245489542
QX1410.g129.1	V	431363	433118	REVISED	0.163590949815654
QX1410.g239.1	V	829688	830232	REVISED	2.9029740432828
QX1410.g1998.1	V	7907152	7908722	REVISED	0.142115689994294
QX1410.g710.1	V	2698018	2700405	REVISED	0.143770708156253
QX1410.g1942.1	V	7707545	7711013	REVISED	0.747546633279539
QX1410.g3203.1	V	12668399	12671026	REVISED	314.889785809136
QX1410.g2680.1	V	10479162	10480055	REVISED	0
QX1410.g4491.1	V	17513699	17516101	REVISED	0.175276017659629
QX1410.g3759.2	V	14798764	14801248	REVISED	4.02515052718775
QX1410.g4275.1	V	16581662	16582827	REVISED	4.77713657744939
QX1410.g3906.1	V	15389278	15390286	REVISED	0.522201652613516
QX1410.g1687.1	V	6583598	6584911	REVISED	0.126409415073389
QX1410.g2611.1	V	10226072	10228311	REVISED	0.590897076257211
QX1410.g1763.1	V	6955759	6956871	REVISED	0.170978928194425
QX1410.g1879.1	V	7422961	7425303	REVISED	0.304617630691218
QX1410.g3034.1	V	11874397	11876639	REVISED	0.580669015559508
QX1410.g2444.1	V	9593095	9604903	REVISED	2.61266132306319
QX1410.g3516.1	V	13901825	13903768	REVISED	0
QX1410.g4715.1	V	18797981	18800866	REVISED	0
QX1410.g1272.3	V	4888345	4890366	REVISED	1.19050449645699
QX1410.g582.1	V	2099615	2101393	REVISED	0.253072324963101
QX1410.g4320.1	V	16819382	16822796	REVISED	0.772645302336324
QX1410.g4337.1	V	16880345	16881844	REVISED	0.0997618440434253
QX1410.g1731.2	V	6809696	6811850	REVISED	7.55576974187351
QX1410.g2527.1	V	9909168	9910236	REVISED	0.513599493607285
QX1410.g4217.1	V	16344119	16344440	REVISED	0.781505913601649
QX1410.g4700.1	V	18711638	18713495	REVISED	0.769232558068054
QX1410.g3655.1	V	14370005	14372479	REVISED	3.59880835105715
QX1410.g2419.1	V	9491448	9493726	REVISED	0.298734506689741
QX1410.g3036.1	V	11883520	11884860	REVISED	0.668524885199924
QX1410.g544.1	V	1962170	1965812	REVISED	0.119592661868844
QX1410.g2523.1	V	9900333	9901314	REVISED	0.391492419006179
QX1410.g3763.1	V	14854049	14855282	REVISED	2.17692813933259
QX1410.g3675.1	V	14469634	14473759	REVISED	2.78467624386795
QX1410.g4806.1	V	19260675	19262459	REVISED	0.499125847163553
QX1410.g744.1	V	2846468	2850262	REVISED	0.715175817038581
QX1410.g2152.1	V	8393684	8396018	REVISED	0.562735884938595
QX1410.g4578.1	V	18017723	18019175	REVISED	0.419391558871379
QX1410.g3028.1	V	11852607	11855797	REVISED	1.83963167222934
QX1410.g3207.1	V	12676488	12678741	REVISED	9.41608083079364
QX1410.g2348.1	V	9135952	9137287	REVISED	0.31632927725379
QX1410.g1203.1	V	4633830	4635501	REVISED	0.514930062243574
QX1410.g4442.1	V	17307230	17308967	REVISED	0.817669050597976
QX1410.g1951.1	V	7751604	7752960	REVISED	0.146905398393215
QX1410.g2535.1	V	9940913	9942089	REVISED	0
QX1410.g4886.1	V	19632038	19633436	REVISED	0.337279463826102
QX1410.g1009.1	V	3938419	3940233	REVISED	0
QX1410.g1248.2	V	4823952	4826110	REVISED	2.35747324368833
QX1410.g4108.1	V	15971745	15975009	REVISED	0.288496516757467
QX1410.g3663.1	V	14398837	14400725	REVISED	0.678917232960083
QX1410.g238.1	V	828163	829331	REVISED	0.191532646616256
QX1410.g1679.1	V	6539043	6541401	REVISED	0.529949885421051
QX1410.g1000.4	V	3893339	3894565	REVISED	1.04027947131955
QX1410.g1400.1	V	5321840	5328546	REVISED	29.5226569019649
QX1410.g2947.1	V	11544901	11550688	REVISED	0.305639623161559
QX1410.g931.1	V	3620528	3622859	REVISED	0
QX1410.g1093.1	V	4277575	4279416	REVISED	0.0695948893648528
QX1410.g1822.1	V	7171945	7173810	REVISED	0
QX1410.g3545.1	V	14018211	14019786	REVISED	0.172089180974909
QX1410.g2341.1	V	9113380	9115153	REVISED	2.35424967754539
QX1410.g740.2	V	2826350	2830036	REVISED	0
QX1410.g1487.1	V	5807733	5812219	REVISED	0.0568036306293772
QX1410.g3564.1	V	14114812	14115642	REVISED	24.9058265385401
QX1410.g3680.1	V	14489945	14492046	REVISED	1.66965177271723
QX1410.g3115.1	V	12353181	12355546	REVISED	234.605068993447
QX1410.g3200.1	V	12662846	12664318	REVISED	0
QX1410.g3166.1	V	12549679	12551421	REVISED	0.15121852503968
QX1410.g1011.1	V	3945996	3947711	REVISED	0
QX1410.g1565.1	V	6114566	6116906	REVISED	0.273026104431345
QX1410.g722.1	V	2755489	2757548	REVISED	0.765700176023189
QX1410.g3645.1	V	14330157	14330816	REVISED	0.710253879064468
QX1410.g1381.1	V	5230704	5233146	REVISED	0.296771935835789
QX1410.g115.1	V	398743	401840	REVISED	2.31919935215745
QX1410.g3337.1	V	13181543	13182371	REVISED	1.30101786304055
QX1410.g1729.1	V	6806126	6807476	REVISED	0.348134435075677
QX1410.g3258.1	V	12898122	12899947	REVISED	0.292513618875672
QX1410.g125.1	V	421476	422686	REVISED	0.274676806392841
QX1410.g61.1	V	218801	221971	REVISED	4.70743265756701
QX1410.g1958.1	V	7770038	7771244	REVISED	0.313537224136479
QX1410.g2263.1	V	8831932	8832490	REVISED	1.1048527183214
QX1410.g3231.1	V	12813845	12815570	REVISED	1.70232103482374
QX1410.g3077.1	V	12153924	12155150	REVISED	0.0595277041108174
QX1410.g1952.1	V	7753013	7754607	REVISED	5.57705447692055
QX1410.g707.1	V	2683201	2684443	REVISED	0.624713475199642
QX1410.g1930.1	V	7646808	7648354	REVISED	1.20599471536455
QX1410.g1148.1	V	4455915	4457003	REVISED	0.0866352856166588
QX1410.g4441.1	V	17303588	17304901	REVISED	0.594117410508613
QX1410.g2075.1	V	8168354	8169243	REVISED	0.180069535383971
QX1410.g3982.1	V	15574333	15576901	REVISED	1.36063323681868
QX1410.g2697.1	V	10576434	10580171	REVISED	0.480341197184866
QX1410.g743.1	V	2841248	2844498	REVISED	0.249486786256869
QX1410.g617.1	V	2262874	2264828	REVISED	0.0351202410152875
QX1410.g3067.1	V	12004421	12005777	REVISED	13.3427592161711
QX1410.g3103.2	V	12283381	12297468	REVISED	82.0139027840012
QX1410.g1206.1	V	4637834	4639603	REVISED	0.630440645464608
QX1410.g2896.5	V	11281161	11285178	REVISED	91.6769022301237
QX1410.g4319.1	V	16806928	16813412	REVISED	1.45838288961787
QX1410.g680.2	V	2569036	2571986	REVISED	53.3050965794531
QX1410.g2401.1	V	9383110	9386550	REVISED	7.33749335751134
QX1410.g2929.1	V	11473351	11476982	REVISED	0.444846560975844
QX1410.g823.1	V	3250801	3254480	REVISED	0.27794929539224
QX1410.g2176.1	V	8495270	8496728	REVISED	0.66222031245464
QX1410.g841.1	V	3303263	3305946	REVISED	0.172516908848086
QX1410.g4790.1	V	19187272	19189274	REVISED	0.569195315080239
QX1410.g1866.1	V	7373756	7376747	REVISED	28.1556573924336
QX1410.g399.7	V	1481027	1484585	REVISED	12.0812508382864
QX1410.g1461.2	V	5673006	5674039	REVISED	832.014101828128
QX1410.g2235.1	V	8742550	8745272	REVISED	7.44563753127019
QX1410.g340.1	V	1221994	1225950	REVISED	0.411517606679129
QX1410.g4929.1	V	19869198	19873356	REVISED	0.326866086986876
QX1410.g1601.1	V	6233930	6238203	REVISED	0.134891757058717
QX1410.g381.1	V	1390188	1392919	REVISED	0.733829656214207
QX1410.g3544.1	V	14014211	14017077	REVISED	0.621892793426953
QX1410.g4097.1	V	15916452	15922511	REVISED	0.138426397859159
QX1410.g2208.4	V	8616798	8618144	REVISED	145.542014253575
QX1410.g2188.1	V	8527467	8530582	REVISED	0.752279550247167
QX1410.g4087.3	V	15889652	15890723	REVISED	1.79279536725949
QX1410.g94.1	V	329544	338178	REVISED	0.0521302854588363
QX1410.g273.1	V	978290	979629	REVISED	3.37508238656216
QX1410.g1745.1	V	6867138	6869369	REVISED	0.588927419336354
QX1410.g3291.3	V	13018145	13019921	REVISED	17.6971180350772
QX1410.g3927.1	V	15437999	15440102	REVISED	3.22315687930338
QX1410.g2000.1	V	7920687	7922833	REVISED	0.340709321584592
QX1410.g3701.1	V	14561333	14564213	REVISED	0.881535265288135
QX1410.g2701.2	V	10596914	10599937	REVISED	1.58478732633915
QX1410.g2539.1	V	9952911	9956713	REVISED	0.241621693358256
QX1410.g1144.1	V	4443946	4446748	REVISED	0.0839628665240481
QX1410.g228.1	V	786918	790852	REVISED	0.216753548556183
QX1410.g2663.1	V	10437767	10440268	REVISED	0.157638944404496
QX1410.g1464.1	V	5689781	5692960	REVISED	0.826859726431485
QX1410.g3226.1	V	12799564	12802363	REVISED	0.0295086670416835
QX1410.g1976.1	V	7827727	7830234	REVISED	0.0938280540631472
QX1410.g2041.1	V	8077470	8081503	REVISED	2.83367772122846
QX1410.g1343.1	V	5084064	5088588	REVISED	0.0720678042153805
QX1410.g1773.2	V	6998370	7001814	REVISED	0.0949338510894681
QX1410.g1194.1	V	4614409	4616955	REVISED	0.0653879444118824
QX1410.g1010.1	V	3942045	3945165	REVISED	0.0369242065810922
QX1410.g259.1	V	919550	921839	REVISED	9.74849761140634
QX1410.g3260.1	V	12904174	12907915	REVISED	0.446721177751975
QX1410.g821.2	V	3244099	3247072	REVISED	1.72550546071356
QX1410.g200.1	V	641709	647070	REVISED	0.176474299943194
QX1410.g3345.1	V	13194755	13196306	REVISED	1.92285806827893
QX1410.g4105.1	V	15955155	15962612	REVISED	0.205627328065865
QX1410.g3426.1	V	13515754	13521277	REVISED	0.164504865736412
QX1410.g2383.1	V	9318795	9323730	REVISED	1.11965242710262
QX1410.g194.1	V	622609	627187	REVISED	0.0344387081393086
QX1410.g651.1	V	2420190	2425651	REVISED	0.0541780478169432
QX1410.g1481.1	V	5789283	5793796	REVISED	0.501655319337349
QX1410.g786.1	V	3106724	3111499	REVISED	0.0432434264014619
QX1410.g3180.1	V	12587836	12593446	REVISED	0.12117232515303
QX1410.g1482.1	V	5795068	5799187	REVISED	0.37296651490101
QX1410.g1099.1	V	4294600	4295664	REVISED	0
QX1410.g1052.1	V	4082051	4089256	REVISED	0.386506090223798
QX1410.g979.1	V	3801518	3807162	REVISED	0
QX1410.g1591.1	V	6187500	6191256	REVISED	0.12938355877714
QX1410.g4157.1	V	16121015	16125167	REVISED	0.08488703994278
QX1410.g601.1	V	2161208	2165398	REVISED	0.171678466939169
QX1410.g97.1	V	344666	349998	REVISED	0.266876269961088
QX1410.g4777.1	V	19138264	19143306	REVISED	6.88993698042663
QX1410.g3326.1	V	13137884	13145266	REVISED	0.705754577968918
QX1410.g139.2	V	455189	460670	REVISED	0.901419519392379
QX1410.g3539.1	V	13989780	13998910	REVISED	0
QX1410.g524.1	V	1874959	1883709	REVISED	0.379455342316081
QX1410.g1764.1	V	6957013	6963100	REVISED	0.0174067217537839
QX1410.g18653.1	X	21410121	21412752	REVISED	0
QX1410.g15432.2	X	4095046	4119100	REVISED	3.03251012628332
QX1410.g14849.1	X	917005	917462	REVISED	0
QX1410.g15443.3	X	4216001	4221211	REVISED	0.360862389299236
QX1410.g18191.1	X	19224258	19224838	REVISED	0
QX1410.g18127.1	X	18833532	18834225	REVISED	0.665872710304923
QX1410.g15672.1	X	5520558	5522303	REVISED	5.72296578590975
QX1410.g16497.1	X	9994962	10001478	REVISED	4.06436206080622
QX1410.g18544.1	X	20973423	20974298	REVISED	0
QX1410.g17008.1	X	12714419	12714692	REVISED	0
QX1410.g15138.1	X	2360661	2361467	REVISED	101.390240834102
QX1410.g15086.1	X	2106866	2115965	REVISED	2.08658131932077
QX1410.g16247.1	X	8674270	8675274	REVISED	0.657067781904197
QX1410.g17908.1	X	17627241	17629241	REVISED	5.83281477293027
QX1410.g18409.1	X	20304789	20305986	REVISED	1.67379371811385
QX1410.g15799.1	X	6209252	6210232	REVISED	4.46549361914378
QX1410.g15751.1	X	5892696	5896209	REVISED	5.65634674163196
QX1410.g16686.1	X	11022358	11025001	REVISED	3.72050858959402
QX1410.g17276.1	X	14129833	14131041	REVISED	0.516020643095494
QX1410.g17361.1	X	14694429	14694950	REVISED	0
QX1410.g18799.1	X	22019612	22021050	REVISED	1.32646843145623
QX1410.g14751.1	X	494177	496245	REVISED	2.87343020671076
QX1410.g17144.1	X	13389487	13390637	REVISED	2.39674029306203
QX1410.g18664.1	X	21458865	21461185	REVISED	0.361428351450882
QX1410.g16872.1	X	12048233	12049065	REVISED	0.771434259542694
QX1410.g15188.1	X	2692757	2693817	REVISED	0.0707215812225652
QX1410.g17566.3	X	15761383	15766805	REVISED	5.21700968724326
QX1410.g18041.1	X	18290198	18290995	REVISED	1.48361354860807
QX1410.g14699.1	X	264565	265270	REVISED	15.6963597904146
QX1410.g16482.1	X	9917676	9920849	REVISED	0.728817116551846
QX1410.g16701.1	X	11120528	11121168	REVISED	0.289320238756942
QX1410.g15137.3	X	2355341	2359807	REVISED	135.745994733694
QX1410.g18547.3	X	20986698	20988959	REVISED	1.84809295612234
QX1410.g18241.1	X	19419809	19423132	REVISED	3.88606474274345
QX1410.g17517.1	X	15579684	15580565	REVISED	0.509550737745355
QX1410.g18568.1	X	21079061	21080813	REVISED	0.566654739973506
QX1410.g17844.1	X	17347624	17350574	REVISED	0.545099238166595
QX1410.g16055.1	X	7751653	7753603	REVISED	2.64582758325366
QX1410.g18608.1	X	21237509	21239950	REVISED	0
QX1410.g17746.1	X	16811685	16813408	REVISED	0.320165918092853
QX1410.g17518.1	X	15580772	15581821	REVISED	0.210331221191555
QX1410.g17845.1	X	17352311	17354672	REVISED	0.455669426928059
QX1410.g17352.1	X	14597126	14599235	REVISED	1.4085140650522
QX1410.g16273.1	X	8829058	8831188	REVISED	0.0639520604974323
QX1410.g16256.1	X	8735067	8736412	REVISED	0.443321075111006
QX1410.g15529.1	X	4698281	4699163	REVISED	0.0491045652587288
QX1410.g14786.1	X	638682	640568	REVISED	12.0101820715317
QX1410.g15045.1	X	1890126	1891459	REVISED	0.0544481588894725
QX1410.g14836.2	X	837767	841645	REVISED	0.253848025576015
QX1410.g17069.1	X	13029982	13030807	REVISED	0.598879818248306
QX1410.g16311.1	X	9068569	9071341	REVISED	0.757192396289598
QX1410.g16318.1	X	9095822	9096248	REVISED	0.114726120649939
QX1410.g15029.1	X	1803593	1805687	REVISED	12.6874624932993
QX1410.g15470.1	X	4387670	4389610	REVISED	1.81614412394184
QX1410.g18059.1	X	18383635	18386895	REVISED	5.02161872353012
QX1410.g17419.3	X	14951121	14973474	REVISED	30.7771259572567
QX1410.g16891.1	X	12119122	12121617	REVISED	2.0620428924666
QX1410.g17628.1	X	16050510	16052904	REVISED	0.2981072426337
QX1410.g18110.2	X	18734019	18738894	REVISED	1.93564851168039
QX1410.g18369.1	X	20071578	20073887	REVISED	3.05131432796373
QX1410.g15497.1	X	4538309	4539067	REVISED	0
QX1410.g15910.1	X	6949098	6951989	REVISED	0.229278545432127
QX1410.g17516.1	X	15575222	15577711	REVISED	2.20847782251133
QX1410.g17425.1	X	15013029	15017322	REVISED	1.52219089975744
QX1410.g15207.5	X	2791580	2805051	REVISED	19.1037637220507
QX1410.g18502.1	X	20812672	20813517	REVISED	0.0448042838041182
QX1410.g16368.1	X	9367236	9372184	REVISED	3.17814227193955
QX1410.g17904.1	X	17609373	17611432	REVISED	0.499347503548296
QX1410.g18393.1	X	20246739	20248686	REVISED	1.09380075885263
QX1410.g18011.1	X	18126990	18128277	REVISED	0.0451785439313603
QX1410.g17320.1	X	14413464	14415626	REVISED	0.17636468857677
QX1410.g14712.1	X	334573	336360	REVISED	0.0853655463686131
QX1410.g15634.1	X	5336990	5339932	REVISED	3.58838299853282
QX1410.g18720.1	X	21669733	21672060	REVISED	0.652752065766895
QX1410.g16503.5	X	10036978	10043465	REVISED	6.94202698604897
QX1410.g15458.1	X	4303541	4306386	REVISED	6.21575847700416
QX1410.g15682.1	X	5583642	5585908	REVISED	0.108583995643824
QX1410.g14701.1	X	267552	270745	REVISED	10.1809177107437
QX1410.g15153.1	X	2452115	2454671	REVISED	32.695746826562
QX1410.g14975.1	X	1571970	1574907	REVISED	2.16602176214994
QX1410.g17624.1	X	16038198	16039540	REVISED	16.8335557899953
QX1410.g15563.1	X	4873498	4876283	REVISED	13.2955289185152
QX1410.g17159.5	X	13493135	13509816	REVISED	7.84002856673242
QX1410.g16984.2	X	12559065	12568982	REVISED	14.5220105603774
QX1410.g15250.2	X	3081630	3085537	REVISED	15.829517855297
QX1410.g15239.1	X	3010365	3011913	REVISED	0.325254465760137
QX1410.g17874.1	X	17516582	17517491	REVISED	4.53982239799594
QX1410.g18471.3	X	20662596	20677101	REVISED	14.0179493881425
QX1410.g15963.1	X	7275596	7281220	REVISED	6.6958501551688
QX1410.g17070.2	X	13035260	13036963	REVISED	13.177478846488
QX1410.g16346.1	X	9216471	9218947	REVISED	0.322451671766612
QX1410.g18323.1	X	19779324	19782693	REVISED	2.57854707925647
QX1410.g16710.1	X	11164070	11170045	REVISED	0.20434534737943
QX1410.g17122.3	X	13298611	13303028	REVISED	19.1526227752016
QX1410.g15159.1	X	2499218	2503822	REVISED	18.6945317301258
QX1410.g16974.6	X	12513099	12515086	REVISED	4.43885132420032
QX1410.g15166.1	X	2549269	2565451	REVISED	4.90329520821012
QX1410.g17448.3	X	15107801	15109193	REVISED	1.07944674019032
QX1410.g14817.1	X	735200	737385	REVISED	0.769232558068054
QX1410.g16478.1	X	9886206	9891755	REVISED	2.60550754341224
QX1410.g14871.1	X	1063980	1068665	REVISED	20.6130597658485
QX1410.g15276.1	X	3261100	3261922	REVISED	430.638963820709
QX1410.g17903.1	X	17603435	17607958	REVISED	0
QX1410.g15857.1	X	6643572	6644544	REVISED	0
QX1410.g15301.3	X	3435943	3439388	REVISED	9.91640370195458
QX1410.g18167.3	X	19069702	19074640	REVISED	2.35225796072846
QX1410.g16627.1	X	10707307	10710297	REVISED	0.0680011132725279
QX1410.g18146.2	X	18936202	18937872	REVISED	91.7404389459185
QX1410.g16364.1	X	9335592	9339515	REVISED	0.396643476317233
QX1410.g17039.2	X	12886252	12889199	REVISED	1.36190866862137
QX1410.g18293.1	X	19622432	19625044	REVISED	1.16112216903145
QX1410.g18399.2	X	20273854	20277128	REVISED	0.746046639269191
QX1410.g15792.1	X	6150604	6151480	REVISED	10.3089092170001
QX1410.g16062.1	X	7787833	7792995	REVISED	0.0561001987090092
QX1410.g18068.3	X	18455624	18461152	REVISED	29.9350491292346
QX1410.g18082.1	X	18562921	18577253	REVISED	1.32611932740929
